yr,sub,cst_n,cst,mag,pev1
1949,Maori,eastern maori,77,1,12781
1949,Maori,northern maori,78,1,8697
1949,Maori,southern maori,79,1,1355
1949,Maori,western maori,80,1,12063
1949,North,arch hill,1,1,12754
1949,North,auckland central,3,1,9888
1949,North,bay of plenty,6,1,15419
1949,North,brooklyn,7,1,13096
1949,North,eden,13,1,12831
1949,North,egmont,14,1,13698
1949,North,franklin,16,1,14915
1949,North,gisborne,17,1,15419
1949,North,grey lynn,18,1,14002
1949,North,hamilton,19,1,14515
1949,North,hastings,20,1,16097
1949,North,hauraki,21,1,14117
1949,North,hawkes bay,22,1,14518
1949,North,hobson,23,1,15049
1949,North,hutt,25,1,15480
1949,North,island bay,27,1,13714
1949,North,karori,28,1,14495
1949,North,manawatu,30,1,14000
1949,North,marsden,32,1,15268
1949,North,miramar,33,1,14570
1949,North,mount albert,35,1,14589
1949,North,mount victoria,36,1,12839
1949,North,napier,37,1,15039
1949,North,new plymouth,39,1,15589
1949,North,north shore,40,1,15068
1949,North,onehunga,42,1,15658
1949,North,onslow,43,1,18209
1949,North,otahuhu,45,1,16445
1949,North,otaki,46,1,17794
1949,North,pahiatua,47,1,13894
1949,North,palmerston north,48,1,15260
1949,North,parnell,49,1,12497
1949,North,patea,50,1,14784
1949,North,petone,51,1,14196
1949,North,piako,52,1,14131
1949,North,ponsonby,53,1,13774
1949,North,raglan,54,1,15325
1949,North,rangitikei,55,1,13925
1949,North,remuera,56,1,13655
1949,North,rodney,58,1,15655
1949,North,roskill,59,1,15324
1949,North,tamaki,64,1,16460
1949,North,tauranga,65,1,15515
1949,North,waikato,67,1,14286
1949,North,waimarino,68,1,15683
1949,North,wairarapa,70,1,14872
1949,North,waitakere,71,1,17131
1949,North,waitomo,72,1,14076
1949,North,wanganui,74,1,14863
1949,North,wellington central,75,1,10944
1949,South,ashburton,2,1,13690
1949,South,avon,4,1,16547
1949,South,awarua,5,1,13811
1949,South,buller,8,1,14841
1949,South,Central Otago,44,1,14297
1949,South,christchurch central,9,1,13157
1949,South,clutha,10,1,14120
1949,South,dunedin central,11,1,13527
1949,South,fendalton,15,1,14419
1949,South,hurunui,24,1,14397
1949,South,invercargill,26,1,15412
1949,South,lyttelton,29,1,15824
1949,South,marlborough,31,1,14571
1949,South,mornington,34,1,15487
1949,South,nelson,38,1,16297
1949,South,North Dunedin,12,1,14537
1949,South,oamaru,41,1,14950
1949,South,riccarton,57,1,16063
1949,South,selwyn,60,1,16035
1949,South,st albans,61,1,14518
1949,South,st kilda,62,1,15080
1949,South,sydenham,63,1,14296
1949,South,timaru,66,1,14628
1949,South,waimate,69,1,14041
1949,South,wallace,73,1,13374
1949,South,westland,76,1,14608
1951,Maori,eastern maori,77,1,14407
1951,Maori,northern maori,78,1,9942
1951,Maori,southern maori,79,1,1420
1951,Maori,western maori,80,1,13618
1951,North,arch hill,1,1,12625
1951,North,auckland central,3,1,10248
1951,North,bay of plenty,6,1,17075
1951,North,brooklyn,7,1,13077
1951,North,eden,13,1,12881
1951,North,egmont,14,1,13957
1951,North,franklin,16,1,15914
1951,North,gisborne,17,1,16203
1951,North,grey lynn,18,1,14341
1951,North,hamilton,19,1,15241
1951,North,hastings,20,1,17090
1951,North,hauraki,21,1,14548
1951,North,hawkes bay,22,1,14913
1951,North,hobson,23,1,15543
1951,North,hutt,25,1,17161
1951,North,island bay,27,1,13837
1951,North,karori,28,1,14486
1951,North,manawatu,30,1,14796
1951,North,marsden,32,1,16188
1951,North,miramar,33,1,14788
1951,North,mount albert,35,1,14994
1951,North,mount victoria,36,1,12936
1951,North,napier,37,1,16028
1951,North,new plymouth,39,1,16448
1951,North,north shore,40,1,15922
1951,North,onehunga,42,1,16171
1951,North,onslow,43,1,19831
1951,North,otahuhu,45,1,18762
1951,North,otaki,46,1,20420
1951,North,pahiatua,47,1,13942
1951,North,palmerston north,48,1,15964
1951,North,parnell,49,1,12732
1951,North,patea,50,1,15131
1951,North,petone,51,1,14590
1951,North,piako,52,1,14941
1951,North,ponsonby,53,1,14004
1951,North,raglan,54,1,16539
1951,North,rangitikei,55,1,14519
1951,North,remuera,56,1,13811
1951,North,rodney,58,1,16989
1951,North,roskill,59,1,17156
1951,North,tamaki,64,1,19113
1951,North,tauranga,65,1,17097
1951,North,waikato,67,1,15051
1951,North,waimarino,68,1,17086
1951,North,wairarapa,70,1,15482
1951,North,waitakere,71,1,19462
1951,North,waitomo,72,1,14191
1951,North,wanganui,74,1,14993
1951,North,wellington central,75,1,10407
1951,South,ashburton,2,1,13950
1951,South,avon,4,1,17906
1951,South,awarua,5,1,14389
1951,South,buller,8,1,15352
1951,South,Central Otago,44,1,15109
1951,South,christchurch central,9,1,13343
1951,South,clutha,10,1,14373
1951,South,dunedin central,11,1,13494
1951,South,fendalton,15,1,14874
1951,South,hurunui,24,1,15099
1951,South,invercargill,26,1,15937
1951,South,lyttelton,29,1,16951
1951,South,marlborough,31,1,14996
1951,South,mornington,34,1,16094
1951,South,nelson,38,1,17856
1951,South,North Dunedin,12,1,14724
1951,South,oamaru,41,1,15312
1951,South,riccarton,57,1,16889
1951,South,selwyn,60,1,17170
1951,South,st albans,61,1,15469
1951,South,st kilda,62,1,15394
1951,South,sydenham,63,1,14407
1951,South,timaru,66,1,15233
1951,South,waimate,69,1,14044
1951,South,wallace,73,1,13659
1951,South,westland,76,1,15087
1954,Maori,eastern maori,76,1,13654
1954,Maori,northern maori,77,1,9434
1954,Maori,southern maori,78,1,7486
1954,Maori,western maori,79,1,9981
1954,North,auckland central,2,1,14192
1954,North,bay of plenty,5,1,13628
1954,North,eden,11,1,16208
1954,North,egmont,12,1,12933
1954,North,franklin,14,1,13027
1954,North,gisborne,15,1,15704
1954,North,grey lynn,16,1,14432
1954,North,hamilton,17,1,18990
1954,North,hastings,18,1,16199
1954,North,hauraki,19,1,15310
1954,North,hawkes bay,20,1,14096
1954,North,heretaunga,21,1,16406
1954,North,hobson,22,1,14581
1954,North,hutt,24,1,15740
1954,North,island bay,26,1,16833
1954,North,karori,27,1,17571
1954,North,manawatu,29,1,14415
1954,North,manukau,30,1,17628
1954,North,marsden,31,1,15628
1954,North,miramar,32,1,16584
1954,North,mount albert,34,1,15830
1954,North,napier,35,1,16578
1954,North,new plymouth,37,1,16542
1954,North,north shore,38,1,15725
1954,North,onehunga,40,1,15797
1954,North,onslow,41,1,18070
1954,North,otahuhu,43,1,16902
1954,North,otaki,44,1,17567
1954,North,pahiatua,45,1,13003
1954,North,palmerston north,46,1,15772
1954,North,patea,47,1,13528
1954,North,petone,48,1,16702
1954,North,ponsonby,49,1,16122
1954,North,raglan,50,1,14284
1954,North,rangitikei,51,1,14443
1954,North,remuera,52,1,16037
1954,North,rodney,54,1,14997
1954,North,roskill,55,1,15658
1954,North,rotorua,56,1,16714
1954,North,stratford,60,1,12732
1954,North,tamaki,62,1,17482
1954,North,tauranga,63,1,15043
1954,North,waikato,65,1,15700
1954,North,waipa,67,1,12823
1954,North,wairarapa,68,1,15578
1954,North,waitakere,69,1,17411
1954,North,waitemata,70,1,16963
1954,North,waitomo,71,1,12238
1954,North,wanganui,73,1,14562
1954,North,wellington central,74,1,18367
1954,South,ashburton,1,1,13967
1954,South,avon,3,1,15076
1954,South,awarua,4,1,14843
1954,South,buller,6,1,14448
1954,South,Central Otago,42,1,16064
1954,South,christchurch central,7,1,15819
1954,South,clutha,8,1,15012
1954,South,dunedin central,9,1,14802
1954,South,fendalton,13,1,15275
1954,South,hurunui,23,1,13524
1954,South,invercargill,25,1,15128
1954,South,lyttelton,28,1,15887
1954,South,Marlborough,,1,15735
1954,South,mornington,33,1,14769
1954,South,nelson,36,1,16646
1954,South,North Dunedin,10,1,14537
1954,South,oamaru,39,1,13568
1954,South,riccarton,53,1,16140
1954,South,selwyn,57,1,17148
1954,South,st albans,58,1,14869
1954,South,st kilda,59,1,14612
1954,South,sydenham,61,1,15515
1954,South,timaru,64,1,14884
1954,South,waimate,66,1,13257
1954,South,wallace,72,1,13476
1954,South,westland,75,1,14839
1957,Maori,eastern maori,76,1,12719
1957,Maori,northern maori,77,1,10785
1957,Maori,southern maori,78,1,8240
1957,Maori,western maori,79,1,12136
1957,North,auckland central,2,1,16984
1957,North,bay of plenty,5,1,13533
1957,North,eden,10,1,18995
1957,North,egmont,11,1,14085
1957,North,franklin,13,1,15581
1957,North,gisborne,14,1,16429
1957,North,grey lynn,15,1,15720
1957,North,hamilton,16,1,16598
1957,North,hastings,17,1,17081
1957,North,hauraki,18,1,15161
1957,North,hawkes bay,19,1,14087
1957,North,heretaunga,20,1,15343
1957,North,hobson,21,1,15251
1957,North,hutt,23,1,15381
1957,North,island bay,25,1,16792
1957,North,karori,26,1,17809
1957,North,manawatu,28,1,15434
1957,North,manukau,29,1,16638
1957,North,marsden,31,1,16318
1957,North,miramar,32,1,16571
1957,North,mount albert,34,1,15439
1957,North,napier,35,1,17443
1957,North,new plymouth,37,1,17831
1957,North,north shore,38,1,17434
1957,North,onehunga,39,1,15466
1957,North,onslow,40,1,16757
1957,North,otahuhu,42,1,15966
1957,North,otaki,43,1,16483
1957,North,pahiatua,44,1,14061
1957,North,palmerston north,45,1,16625
1957,North,patea,46,1,13952
1957,North,petone,47,1,16571
1957,North,piako,48,1,14198
1957,North,ponsonby,49,1,17880
1957,North,raglan,50,1,14408
1957,North,rangitikei,51,1,14659
1957,North,remuera,52,1,16674
1957,North,rodney,54,1,14152
1957,North,roskill,55,1,15671
1957,North,rotorua,56,1,16479
1957,North,stratford,60,1,14473
1957,North,tamaki,62,1,15934
1957,North,tauranga,63,1,15776
1957,North,waikato,65,1,13764
1957,North,waipa,66,1,15504
1957,North,wairarapa,67,1,15615
1957,North,waitakere,68,1,17100
1957,North,waitemata,70,1,17280
1957,North,waitomo,71,1,14536
1957,North,wanganui,73,1,15921
1957,North,wellington central,74,1,18579
1957,South,ashburton,1,1,15712
1957,South,avon,3,1,15748
1957,South,awarua,4,1,14573
1957,South,buller,6,1,14920
1957,South,christchurch central,7,1,16158
1957,South,Clutha,,1,15306
1957,South,dunedin central,8,1,16885
1957,South,fendalton,12,1,16354
1957,South,hurunui,22,1,15657
1957,South,invercargill,24,1,16284
1957,South,lyttelton,27,1,17519
1957,South,marlborough,30,1,15575
1957,South,mornington,33,1,15025
1957,South,nelson,36,1,16777
1957,South,North Dunedin,9,1,16000
1957,South,Otago Central,41,1,13489
1957,South,riccarton,53,1,15348
1957,South,selwyn,57,1,17299
1957,South,st albans,58,1,16916
1957,South,st kilda,59,1,15501
1957,South,sydenham,61,1,16384
1957,South,timaru,64,1,16532
1957,South,waitaki,69,1,16007
1957,South,wallace,72,1,14516
1957,South,westland,75,1,15542
1960,Maori,eastern maori,76,1,14098
1960,Maori,northern maori,77,1,11970
1960,Maori,southern maori,78,1,9529
1960,Maori,western maori,79,1,13535
1960,North,auckland central,2,1,15702
1960,North,bay of plenty,5,1,14118
1960,North,eden,11,1,18288
1960,North,egmont,12,1,13987
1960,North,franklin,14,1,16710
1960,North,gisborne,15,1,16709
1960,North,grey lynn,16,1,15495
1960,North,hamilton,17,1,16849
1960,North,hastings,18,1,18379
1960,North,hauraki,19,1,15291
1960,North,hawkes bay,20,1,14272
1960,North,heretaunga,21,1,16842
1960,North,hobson,22,1,15455
1960,North,hutt,24,1,15712
1960,North,island bay,26,1,16290
1960,North,karori,27,1,17993
1960,North,manawatu,29,1,16049
1960,North,manukau,30,1,21581
1960,North,marsden,32,1,16932
1960,North,miramar,33,1,16555
1960,North,mount albert,35,1,16437
1960,North,napier,36,1,18640
1960,North,new plymouth,38,1,19092
1960,North,north shore,39,1,17778
1960,North,onehunga,40,1,15146
1960,North,onslow,41,1,19160
1960,North,otahuhu,43,1,18084
1960,North,otaki,44,1,19078
1960,North,pahiatua,45,1,13955
1960,North,palmerston north,46,1,17572
1960,North,patea,47,1,13912
1960,North,petone,48,1,17389
1960,North,piako,49,1,15195
1960,North,ponsonby,50,1,16960
1960,North,raglan,51,1,14741
1960,North,rangitikei,52,1,15169
1960,North,remuera,53,1,17167
1960,North,rodney,55,1,15076
1960,North,roskill,56,1,17080
1960,North,rotorua,57,1,18638
1960,North,stratford,61,1,14421
1960,North,tamaki,63,1,18125
1960,North,tauranga,64,1,17591
1960,North,waikato,66,1,14873
1960,North,waipa,67,1,17546
1960,North,wairarapa,68,1,16244
1960,North,waitakere,69,1,21265
1960,North,waitemata,71,1,20348
1960,North,waitomo,72,1,14539
1960,North,wanganui,74,1,16335
1960,North,wellington central,75,1,17632
1960,South,ashburton,1,1,16100
1960,South,avon,3,1,17411
1960,South,awarua,4,1,15674
1960,South,buller,6,1,14656
1960,South,christchurch central,7,1,14916
1960,South,clutha,8,1,15265
1960,South,dunedin central,9,1,16715
1960,South,fendalton,13,1,18904
1960,South,hurunui,23,1,16745
1960,South,invercargill,25,1,16571
1960,South,lyttelton,28,1,17911
1960,South,marlborough,31,1,15969
1960,South,mornington,34,1,16092
1960,South,nelson,37,1,17745
1960,South,North Dunedin,10,1,15612
1960,South,Otago Central,42,1,12840
1960,South,riccarton,54,1,17370
1960,South,selwyn,58,1,17605
1960,South,st albans,59,1,16914
1960,South,st kilda,60,1,16074
1960,South,sydenham,62,1,16255
1960,South,timaru,65,1,16966
1960,South,waitaki,70,1,17376
1960,South,wallace,73,1,14482
1960,South,Westland,,1,15045
1963,Maori,eastern maori,78,1,14783
1963,Maori,northern maori,79,1,12613
1963,Maori,southern maori,80,1,11189
1963,Maori,western maori,81,1,13431
1963,North,auckland central,2,1,15907
1963,North,bay of plenty,5,1,15261
1963,North,eden,11,1,17471
1963,North,egmont,12,1,15172
1963,North,franklin,14,1,15093
1963,North,gisborne,15,1,17070
1963,North,grey lynn,16,1,17737
1963,North,hamilton,17,1,17660
1963,North,hastings,18,1,17804
1963,North,hauraki,19,1,16081
1963,North,hawkes bay,20,1,15357
1963,North,heretaunga,21,1,16929
1963,North,hobson,22,1,15334
1963,North,hutt,23,1,16945
1963,North,island bay,25,1,17419
1963,North,karori,26,1,18919
1963,North,manawatu,28,1,16094
1963,North,manukau,29,1,17093
1963,North,manurewa,30,1,19414
1963,North,marsden,32,1,18026
1963,North,miramar,33,1,18782
1963,North,mount albert,34,1,17396
1963,North,napier,35,1,18178
1963,North,new lynn,37,1,16711
1963,North,new plymouth,38,1,18095
1963,North,north shore,39,1,18495
1963,North,onehunga,40,1,17045
1963,North,otaki,43,1,18334
1963,North,pahiatua,44,1,15469
1963,North,pakuranga,45,1,17281
1963,North,palmerston north,46,1,17865
1963,North,petone,47,1,18335
1963,North,piako,48,1,14359
1963,North,porirua,49,1,15387
1963,North,raglan,50,1,15698
1963,North,rangitikei,52,1,15183
1963,North,remuera,53,1,18041
1963,North,rodney,55,1,16657
1963,North,roskill,56,1,18020
1963,North,rotorua,57,1,16068
1963,North,stratford,61,1,15308
1963,North,tamaki,63,1,17552
1963,North,taupo,64,1,14319
1963,North,tauranga,65,1,17857
1963,North,waimarino,67,1,15162
1963,North,waipa,68,1,15144
1963,North,wairarapa,69,1,16097
1963,North,waitakere,70,1,17979
1963,North,waitemata,72,1,19845
1963,North,waitomo,73,1,15047
1963,North,wanganui,75,1,17258
1963,North,wellington central,76,1,19049
1963,South,ashburton,1,1,17849
1963,South,avon,3,1,17242
1963,South,awarua,4,1,16301
1963,South,buller,6,1,15440
1963,South,christchurch central,7,1,17225
1963,South,clutha,8,1,16372
1963,South,dunedin central,9,1,17604
1963,South,dunedin north,10,1,17879
1963,South,fendalton,13,1,17957
1963,South,invercargill,24,1,17445
1963,South,lyttelton,27,1,19153
1963,South,marlborough,31,1,16716
1963,South,nelson,36,1,17849
1963,South,Otago Central,41,1,16141
1963,South,rangiora,51,1,16466
1963,South,riccarton,54,1,17695
1963,South,selwyn,58,1,18291
1963,South,st albans,59,1,18644
1963,South,st kilda,60,1,16534
1963,South,sydenham,62,1,18450
1963,South,timaru,66,1,18094
1963,South,waitaki,71,1,17590
1963,South,wallace,74,1,16443
1963,South,westland,77,1,15622
1966,Maori,eastern maori,77,1,14566
1966,Maori,northern maori,78,1,12444
1966,Maori,southern maori,79,1,12081
1966,Maori,western maori,80,1,14896
1966,North,auckland central,2,1,14022
1966,North,bay of plenty,5,1,15535
1966,North,eden,11,1,16690
1966,North,egmont,12,1,14890
1966,North,franklin,14,1,14938
1966,North,gisborne,15,1,17537
1966,North,grey lynn,16,1,16820
1966,North,hamilton,17,1,17750
1966,North,hastings,18,1,18937
1966,North,hauraki,19,1,16316
1966,North,hawkes bay,20,1,15649
1966,North,heretaunga,21,1,19000
1966,North,hobson,22,1,15737
1966,North,hutt,23,1,17520
1966,North,island bay,25,1,17147
1966,North,karori,26,1,21305
1966,North,manawatu,28,1,17031
1966,North,manukau,29,1,19284
1966,North,manurewa,30,1,23350
1966,North,marsden,32,1,20326
1966,North,miramar,33,1,19285
1966,North,mount albert,34,1,16858
1966,North,napier,35,1,19793
1966,North,new lynn,37,1,18527
1966,North,new plymouth,38,1,18916
1966,North,north shore,39,1,19494
1966,North,onehunga,40,1,17289
1966,North,otaki,42,1,20919
1966,North,pahiatua,43,1,14919
1966,North,pakuranga,44,1,21139
1966,North,palmerston north,45,1,19213
1966,North,petone,46,1,18971
1966,North,piako,47,1,14796
1966,North,porirua,48,1,17682
1966,North,raglan,49,1,18045
1966,North,rangitikei,51,1,15241
1966,North,remuera,52,1,18227
1966,North,rodney,54,1,16902
1966,North,roskill,55,1,20748
1966,North,rotorua,56,1,17605
1966,North,stratford,60,1,15023
1966,North,tamaki,62,1,19051
1966,North,taupo,63,1,16817
1966,North,tauranga,64,1,19762
1966,North,waimarino,66,1,14925
1966,North,waipa,67,1,15586
1966,North,wairarapa,68,1,16940
1966,North,waitakere,69,1,20398
1966,North,waitemata,71,1,25365
1966,North,waitomo,72,1,14968
1966,North,wanganui,74,1,17249
1966,North,wellington central,75,1,18954
1966,South,ashburton,1,1,18057
1966,South,avon,3,1,18761
1966,South,awarua,4,1,16967
1966,South,buller,6,1,15303
1966,South,christchurch central,7,1,17196
1966,South,clutha,8,1,16428
1966,South,dunedin central,9,1,17979
1966,South,dunedin north,10,1,17869
1966,South,fendalton,13,1,20103
1966,South,invercargill,24,1,18066
1966,South,lyttelton,27,1,19844
1966,South,marlborough,31,1,17427
1966,South,nelson,36,1,19167
1966,South,Otago Central,41,1,16460
1966,South,rangiora,50,1,17424
1966,South,riccarton,53,1,19466
1966,South,selwyn,57,1,18378
1966,South,st albans,58,1,18590
1966,South,st kilda,59,1,16542
1966,South,sydenham,61,1,18293
1966,South,timaru,65,1,18274
1966,South,waitaki,70,1,17252
1966,South,wallace,73,1,17238
1966,South,westland,76,1,15138
1969,Maori,eastern maori,81,1,14051
1969,Maori,northern maori,82,1,13359
1969,Maori,southern maori,83,1,16977
1969,Maori,western maori,84,1,10807
1969,North,auckland central,2,1,15860
1969,North,bay of plenty,5,1,16709
1969,North,birkenhead,6,1,21144
1969,North,eden,12,1,20524
1969,North,egmont,13,1,15842
1969,North,franklin,14,1,16516
1969,North,gisborne,15,1,18705
1969,North,grey lynn,16,1,17965
1969,North,hamilton west,17,1,19950
1969,North,hastings,18,1,19321
1969,North,hauraki,19,1,17878
1969,North,hawkes bay,20,1,16559
1969,North,henderson,21,1,17106
1969,North,heretaunga,22,1,16943
1969,North,hobson,23,1,17749
1969,North,hutt,24,1,18661
1969,North,island bay,26,1,17396
1969,North,karori,27,1,19349
1969,North,manawatu,29,1,17694
1969,North,mangere,30,1,17401
1969,North,manukau,31,1,19453
1969,North,manurewa,32,1,19802
1969,North,marsden,34,1,18843
1969,North,miramar,35,1,19255
1969,North,mount albert,36,1,18832
1969,North,napier,37,1,20787
1969,North,new lynn,39,1,18763
1969,North,new plymouth,40,1,19649
1969,North,north shore,41,1,20545
1969,North,onehunga,43,1,18657
1969,North,otaki,45,1,20786
1969,North,pahiatua,46,1,16681
1969,North,pakuranga,47,1,19563
1969,North,palmerston north,48,1,19797
1969,North,petone,50,1,16312
1969,North,piako,51,1,15877
1969,North,porirua,52,1,18046
1969,North,raglan,53,1,17413
1969,North,rangitikei,55,1,18021
1969,North,remuera,56,1,20795
1969,North,rodney,58,1,17281
1969,North,roskill,59,1,17873
1969,North,rotorua,60,1,17695
1969,North,stratford,64,1,16676
1969,North,tamaki,66,1,19483
1969,North,taupo,67,1,17658
1969,North,tauranga,68,1,20769
1969,North,waikato,70,1,18603
1969,North,waimarino,71,1,17860
1969,North,wairarapa,72,1,17961
1969,North,waitemata,73,1,19950
1969,North,waitomo,74,1,17257
1969,North,wanganui,76,1,18755
1969,North,wellington central,77,1,19131
1969,North,western hutt,78,1,19014
1969,South,ashburton,1,1,18819
1969,South,avon,3,1,16839
1969,South,awarua,4,1,16750
1969,South,buller,7,1,17782
1969,South,christchurch central,8,1,17502
1969,South,clutha,9,1,17265
1969,South,dunedin central,10,1,19433
1969,South,dunedin north,11,1,18147
1969,South,invercargill,25,1,18209
1969,South,lyttelton,28,1,20315
1969,South,marlborough,33,1,18573
1969,South,nelson,38,1,18094
1969,South,oamaru,42,1,17006
1969,South,Otago Central,44,1,16709
1969,South,papanui,49,1,18687
1969,South,rangiora,54,1,19059
1969,South,riccarton,57,1,19551
1969,South,south canterbury,61,1,18961
1969,South,st albans,62,1,19093
1969,South,st kilda,63,1,16498
1969,South,sydenham,65,1,19203
1969,South,timaru,69,1,18636
1969,South,wallace,75,1,15965
1969,South,westland,79,1,16010
1969,South,wigram,80,1,18474
1972,Maori,eastern maori,84,1,14131
1972,Maori,northern maori,85,1,10773
1972,Maori,southern maori,86,1,14552
1972,Maori,western maori,87,1,15995
1972,North,auckland central,1,1,17232
1972,North,bay of plenty,4,1,18161
1972,North,birkenhead,5,1,18286
1972,North,coromandel,8,1,19318
1972,North,east coast bays,11,1,18946
1972,North,eden,12,1,21196
1972,North,egmont,13,1,16896
1972,North,franklin,14,1,16633
1972,North,gisborne,15,1,18952
1972,North,grey lynn,16,1,19045
1972,North,hamilton east,17,1,18833
1972,North,hamilton west,18,1,19170
1972,North,hastings,19,1,19918
1972,North,hawkes bay,20,1,18701
1972,North,henderson,21,1,16316
1972,North,heretaunga,22,1,16602
1972,North,hobson,23,1,17910
1972,North,hutt,24,1,20709
1972,North,island bay,26,1,16986
1972,North,kapiti,27,1,18751
1972,North,karori,28,1,19611
1972,North,king country,29,1,17014
1972,North,manawatu,31,1,19008
1972,North,mangere,32,1,16775
1972,North,manukau,33,1,15850
1972,North,manurewa,34,1,17490
1972,North,miramar,36,1,19299
1972,North,mount albert,37,1,18617
1972,North,napier,38,1,20121
1972,North,new lynn,40,1,17121
1972,North,new plymouth,41,1,20212
1972,North,north shore,42,1,20880
1972,North,onehunga,44,1,19767
1972,North,otahuhu,46,1,16608
1972,North,pahiatua,47,1,17064
1972,North,pakuranga,48,1,19930
1972,North,palmerston north,49,1,19600
1972,North,petone,51,1,16756
1972,North,piako,52,1,17591
1972,North,porirua,53,1,16385
1972,North,raglan,54,1,17557
1972,North,rangitikei,57,1,16367
1972,North,remuera,58,1,18684
1972,North,rodney,60,1,19136
1972,North,roskill,61,1,18641
1972,North,rotorua,62,1,18644
1972,North,ruahine,63,1,18623
1972,North,stratford,67,1,17152
1972,North,tamaki,69,1,19301
1972,North,taupo,71,1,17123
1972,North,tauranga,72,1,20874
1972,North,waikato,74,1,15974
1972,North,wairarapa,75,1,18058
1972,North,waitemata,76,1,16913
1972,North,wanganui,78,1,19944
1972,North,wellington central,79,1,20011
1972,North,western hutt,81,1,17738
1972,North,whangarei,82,1,19258
1972,South,avon,2,1,17730
1972,South,awarua,3,1,16304
1972,South,christchurch central,6,1,19252
1972,South,clutha,7,1,17151
1972,South,dunedin central,9,1,18545
1972,South,dunedin north,10,1,18985
1972,South,invercargill,25,1,18273
1972,South,lyttelton,30,1,21266
1972,South,marlborough,35,1,17896
1972,South,nelson,39,1,18337
1972,South,oamaru,43,1,18859
1972,South,Otago Central,45,1,18099
1972,South,papanui,50,1,19673
1972,South,rakaia,55,1,17828
1972,South,rangiora,56,1,18349
1972,South,riccarton,59,1,19317
1972,South,south canterbury,64,1,19763
1972,South,st albans,65,1,20420
1972,South,st kilda,66,1,18900
1972,South,sydenham,68,1,19832
1972,South,tasman,70,1,17099
1972,South,timaru,73,1,18757
1972,South,wallace,77,1,16743
1972,South,west coast,80,1,18339
1972,South,wigram,83,1,17830
1975,Maori,eastern maori,84,1,16439
1975,Maori,northern maori,85,1,14715
1975,Maori,southern maori,86,1,18282
1975,Maori,western maori,87,1,20997
1975,North,auckland central,1,1,23005
1975,North,bay of plenty,4,1,23327
1975,North,birkenhead,5,1,24753
1975,North,coromandel,8,1,24654
1975,North,east coast bays,11,1,27157
1975,North,eden,12,1,26591
1975,North,egmont,13,1,19370
1975,North,franklin,14,1,20597
1975,North,gisborne,15,1,22408
1975,North,grey lynn,16,1,22262
1975,North,hamilton east,17,1,24684
1975,North,hamilton west,18,1,26079
1975,North,hastings,19,1,23415
1975,North,hawkes bay,20,1,23579
1975,North,henderson,21,1,21966
1975,North,heretaunga,22,1,21198
1975,North,hobson,23,1,21965
1975,North,hutt,24,1,23808
1975,North,island bay,26,1,21489
1975,North,kapiti,27,1,25279
1975,North,karori,28,1,23676
1975,North,king country,29,1,20440
1975,North,manawatu,31,1,23375
1975,North,mangere,32,1,21499
1975,North,manukau,33,1,20366
1975,North,manurewa,34,1,24753
1975,North,miramar,36,1,23044
1975,North,mount albert,37,1,22993
1975,North,napier,38,1,24270
1975,North,new lynn,40,1,21689
1975,North,new plymouth,41,1,24027
1975,North,north shore,42,1,24568
1975,North,onehunga,44,1,23501
1975,North,otahuhu,46,1,20648
1975,North,pahiatua,47,1,19118
1975,North,pakuranga,48,1,27881
1975,North,palmerston north,49,1,24257
1975,North,petone,51,1,20069
1975,North,piako,52,1,20538
1975,North,porirua,53,1,19900
1975,North,raglan,54,1,21735
1975,North,rangitikei,57,1,19356
1975,North,remuera,58,1,22685
1975,North,rodney,60,1,25239
1975,North,roskill,61,1,21893
1975,North,rotorua,62,1,25868
1975,North,ruahine,63,1,23273
1975,North,stratford,67,1,20099
1975,North,tamaki,69,1,22502
1975,North,taupo,71,1,22425
1975,North,tauranga,72,1,26110
1975,North,waikato,74,1,19884
1975,North,wairarapa,75,1,21085
1975,North,waiternata,76,1,24557
1975,North,wanganui,78,1,22689
1975,North,wellington central,79,1,26083
1975,North,western hutt,81,1,22706
1975,North,whangarei,82,1,24495
1975,South,avon,2,1,21954
1975,South,awarua,3,1,20005
1975,South,christchurch central,6,1,23107
1975,South,clutha,7,1,19226
1975,South,dunedin central,9,1,22282
1975,South,dunedin north,10,1,23553
1975,South,invercargill,25,1,21518
1975,South,lyttelton,30,1,24574
1975,South,marlborough,35,1,20936
1975,South,nelson,39,1,21571
1975,South,oamaru,43,1,21356
1975,South,Otago Central,45,1,22572
1975,South,papanui,50,1,23318
1975,South,rakaia,55,1,20938
1975,South,rangiora,56,1,23722
1975,South,riccarton,59,1,22882
1975,South,south canterbury,64,1,23214
1975,South,st albans,65,1,23426
1975,South,st kilda,66,1,22797
1975,South,sydenham,68,1,23503
1975,South,tasman,70,1,20516
1975,South,timaru,73,1,22072
1975,South,wallace,77,1,18976
1975,South,west coast,80,1,20832
1975,South,wigram,83,1,22885
1978,Maori,eastern maori,88,1,23684
1978,Maori,northern maori,89,1,22933
1978,Maori,southern maori,90,1,30966
1978,Maori,western maori,91,1,33037
1978,North,albany,1,1,29165
1978,North,auckland central,3,1,33755
1978,North,bay of islands,6,1,23170
1978,North,birkenhead,7,1,26882
1978,North,east cape,12,1,24550
1978,North,east coast bays,13,1,29055
1978,North,eastern hutt,14,1,26012
1978,North,eden,15,1,35888
1978,North,gisborne,17,1,24921
1978,North,hamilton east,18,1,29994
1978,North,hamilton west,19,1,28115
1978,North,hastings,20,1,28972
1978,North,hauraki,21,1,25876
1978,North,hawkes bay,22,1,24007
1978,North,helensville,23,1,27558
1978,North,heretaunga,24,1,24129
1978,North,horowhenua,25,1,27529
1978,North,hunua,26,1,
1978,North,island bay,28,1,32433
1978,North,kaimai,29,1,27009
1978,North,kaipara,30,1,24046
1978,North,kapiti,31,1,25910
1978,North,king country,32,1,23726
1978,North,manawatu,34,1,28484
1978,North,mangere,35,1,21499
1978,North,manurewa,36,1,26316
1978,North,matamata,38,1,23146
1978,North,miramar,39,1,32014
1978,North,Mt. Albert,,1,34229
1978,North,napier,40,1,27267
1978,North,new lynn,42,1,27442
1978,North,new plymouth,43,1,27167
1978,North,north shore,44,1,30921
1978,North,ohariu,45,1,27290
1978,North,onehunga,46,1,31199
1978,North,otahuhu,48,1,27041
1978,North,pahiatua,49,1,24784
1978,North,pakuranga,50,1,27153
1978,North,palmerston north,51,1,32162
1978,North,papakura,52,1,25280
1978,North,papatoetoe,54,1,27140
1978,North,pencarrow,55,1,25773
1978,North,porirua,56,1,25093
1978,North,rangiriri,58,1,24428
1978,North,rangitikei,59,1,26957
1978,North,remuera,60,1,30806
1978,North,roskill,61,1,28774
1978,North,rotorua,62,1,23013
1978,North,tamaki,67,1,30491
1978,North,taranaki,68,1,24526
1978,North,tarawera,69,1,23732
1978,North,taupo,71,1,25341
1978,North,tauranga,72,1,26301
1978,North,te atatu,73,1,25186
1978,North,waikato,75,1,26418
1978,North,waipa,76,1,25773
1978,North,wairarapa,77,1,25213
1978,North,waitakere,78,1,27021
1978,North,waitotara,80,1,25385
1978,North,wanganui,82,1,27741
1978,North,wellington central,83,1,39435
1978,North,western hutt,85,1,28581
1978,North,whangarei,86,1,27547
1978,South,ashburton,2,1,26850
1978,South,avon,4,1,26824
1978,South,awarua,5,1,25012
1978,South,christchurch central,8,1,31956
1978,South,clutha,9,1,24913
1978,South,dunedin central,10,1,28391
1978,South,dunedin north,11,1,29573
1978,South,fendalton,16,1,31599
1978,South,invercargill,27,1,26762
1978,South,lyttelton,33,1,30510
1978,South,marlborough,37,1,24902
1978,South,nelson,41,1,24860
1978,South,otago,47,1,24668
1978,South,papanui,53,1,26784
1978,South,rangiora,57,1,27181
1978,South,selwyn,63,1,31946
1978,South,st albans,64,1,27825
1978,South,st kilda,65,1,27882
1978,South,sydenham,66,1,30764
1978,South,tasman,70,1,23159
1978,South,timaru,74,1,26135
1978,South,waitaki,79,1,26477
1978,South,wallace,81,1,24698
1978,South,west coast,84,1,23778
1978,South,yaldhurst,87,1,28670
1981,Maori,eastern maori,89,1,16673
1981,Maori,northern maori,90,1,15997
1981,Maori,southern maori,91,1,20390
1981,Maori,western maori,92,1,22644
1981,North,albany,1,1,27268
1981,North,auckland central,3,1,20980
1981,North,bay of islands,6,1,21356
1981,North,birkenhead,7,1,23082
1981,North,east cape,13,1,20799
1981,North,east coast bays,14,1,27957
1981,North,eastern hutt,,1,20969
1981,North,eden,15,1,23138
1981,North,gisborne,17,1,20769
1981,North,hamilton east,18,1,22556
1981,North,hamilton west,19,1,22326
1981,North,hastings,20,1,22857
1981,North,hauraki,21,1,22298
1981,North,hawkes bay,22,1,21761
1981,North,helensville,23,1,25812
1981,North,heretaunga,24,1,20400
1981,North,horowhenua,25,1,24035
1981,North,hunua,26,1,23669
1981,North,island bay,28,1,21032
1981,North,kaimai,29,1,24470
1981,North,kaipara,30,1,21638
1981,North,kapiti,31,1,23106
1981,North,king country,32,1,18878
1981,North,manawatu,34,1,21856
1981,North,mangere,35,1,16604
1981,North,manurewa,36,1,22804
1981,North,matamata,38,1,19819
1981,North,miramar,39,1,23667
1981,North,mount albert,40,1,22627
1981,North,napier,41,1,22766
1981,North,new lynn,43,1,21644
1981,North,new plymouth,44,1,22827
1981,North,north shore,45,1,24128
1981,North,ohariu,46,1,22348
1981,North,onehunga,47,1,21451
1981,North,otahuhu,49,1,18590
1981,North,pahiatua,50,1,21472
1981,North,pakuranga,51,1,26501
1981,North,palmerston north,52,1,23905
1981,North,papakura,53,1,21017
1981,North,papatoetoe,55,1,21133
1981,North,pencarrow,56,1,20233
1981,North,porirua,57,1,19305
1981,North,rangiriri,59,1,19919
1981,North,rangitikei,60,1,22459
1981,North,remuera,61,1,20557
1981,North,roskill,62,1,23215
1981,North,rotorua,63,1,19421
1981,North,tamaki,68,1,24356
1981,North,taranaki,69,1,22338
1981,North,tarawera,70,1,20292
1981,North,taupo,72,1,20742
1981,North,tauranga,73,1,24759
1981,North,te atatu,74,1,20688
1981,North,waikato,76,1,22988
1981,North,waipa,77,1,21963
1981,North,wairarapa,78,1,21233
1981,North,waitakere,79,1,23595
1981,North,waitotara,81,1,22381
1981,North,wanganui,83,1,23477
1981,North,wellington central,84,1,24410
1981,North,western hutt,86,1,21599
1981,North,whangarei,87,1,24735
1981,South,ashburton,2,1,23766
1981,South,avon,4,1,21861
1981,South,awarua,5,1,22549
1981,South,christchurch central,9,1,20048
1981,South,clutha,10,1,22031
1981,South,dunedin central,11,1,20626
1981,South,dunedin north,12,1,20946
1981,South,fendalton,16,1,22343
1981,South,invercargill,27,1,22460
1981,South,lyttelton,33,1,23852
1981,South,marlborough,37,1,22543
1981,South,nelson,42,1,22288
1981,South,otago,48,1,21938
1981,South,papanui,54,1,22795
1981,South,rangiora,58,1,24362
1981,South,selwyn,64,1,22293
1981,South,st albans,65,1,23438
1981,South,st kilda,66,1,22963
1981,South,sydenham,67,1,22315
1981,South,tasman,71,1,21176
1981,South,timaru,75,1,23024
1981,South,waitaki,80,1,20939
1981,South,wallace,82,1,21615
1981,South,west coast,85,1,21452
1981,South,yaldhurst,88,1,24440
1984,Maori,eastern maori,90,1,18757
1984,Maori,northern maori,91,1,19693
1984,Maori,southern maori,92,1,19300
1984,Maori,western maori,93,1,19814
1984,North,auckland central,2,1,22689
1984,North,bay of islands,5,1,20336
1984,North,birkenhead,6,1,23370
1984,North,east cape,12,1,20025
1984,North,east coast bays,13,1,23588
1984,North,eastern hutt,14,1,21203
1984,North,eden,15,1,24406
1984,North,franklin,17,1,22701
1984,North,gisborne,18,1,22661
1984,North,glenfield,19,1,22548
1984,North,hamilton east,20,1,20873
1984,North,hamilton west,21,1,21359
1984,North,hastings,22,1,23423
1984,North,hauraki,23,1,22607
1984,North,hawkes bay,24,1,21320
1984,North,heretaunga,25,1,20818
1984,North,horowhenua,26,1,24715
1984,North,island bay,28,1,21768
1984,North,kaimai,29,1,23752
1984,North,kaipara,30,1,22351
1984,North,kapiti,31,1,23420
1984,North,king country,32,1,20477
1984,North,manawatu,34,1,22566
1984,North,mangere,35,1,17001
1984,North,manurewa,36,1,20528
1984,North,matamata,38,1,20432
1984,North,mirimar,39,1,24072
1984,North,mount albert,40,1,23995
1984,North,napier,41,1,22784
1984,North,new lynn,43,1,22182
1984,North,new plymouth,44,1,23717
1984,North,north shore,45,1,25553
1984,North,ohariu,46,1,22944
1984,North,onehunga,47,1,24740
1984,North,otara,49,1,19167
1984,North,pahiatua,50,1,21199
1984,North,pakuranga,51,1,24510
1984,North,palmerston north,52,1,22333
1984,North,panmure,53,1,20519
1984,North,papakura,54,1,21453
1984,North,papatoetoe,55,1,21915
1984,North,pencarrow,56,1,20580
1984,North,porirua,57,1,19945
1984,North,raglan,58,1,20603
1984,North,rangitikei,60,1,21469
1984,North,remuera,61,1,22590
1984,North,rodney,62,1,25281
1984,North,roskill,63,1,23214
1984,North,rotorua,64,1,21057
1984,North,tamaki,69,1,24607
1984,North,taranaki,70,1,22303
1984,North,tarawera,71,1,20317
1984,North,tauranga,73,1,24896
1984,North,te atatu,74,1,21954
1984,North,tongariro,76,1,18874
1984,North,waikaremoana,77,1,19336
1984,North,waikato,78,1,20003
1984,North,Waipa,,1,21092
1984,North,wairarapa,,1,22589
1984,North,waitakere,79,1,22471
1984,North,waitotara,81,1,21374
1984,North,wanganui,83,1,23965
1984,North,wellington central,84,1,25200
1984,North,west auckland,85,1,23247
1984,North,western hutt,87,1,22050
1984,North,whangarei,88,1,23814
1984,South,ashburton,1,1,22935
1984,South,avon,3,1,21937
1984,South,awarua,4,1,21238
1984,South,christchurch central,7,1,23599
1984,South,christchurch north,8,1,23413
1984,South,clutha,9,1,20640
1984,South,dunedin north,10,1,23062
1984,South,dunedin west,11,1,23619
1984,South,fendalton,16,1,23854
1984,South,invercargill,27,1,22291
1984,South,lyttelton,33,1,25127
1984,South,marlborough,37,1,23590
1984,South,nelson,42,1,23222
1984,South,otago,48,1,22500
1984,South,rangiora,59,1,22257
1984,South,selwyn,65,1,21569
1984,South,st albans,66,1,23704
1984,South,st kilda,67,1,23105
1984,South,sydenham,68,1,23205
1984,South,tasman,72,1,22599
1984,South,timaru,75,1,24594
1984,South,waitaki,80,1,20338
1984,South,wallace,82,1,20737
1984,South,west coast,86,1,21803
1984,South,yaldhurst,89,1,24298
1987,Maori,eastern maori,94,1,20384
1987,Maori,northern maori,95,1,18928
1987,Maori,southern maori,96,1,19104
1987,Maori,western maori,97,1,19411
1987,North,albany,1,1,24081
1987,North,auckland central,3,1,20278
1987,North,bay of islands,6,1,19432
1987,North,birkenhead,7,1,23329
1987,North,clevedon,10,1,20928
1987,North,coromandel,12,1,21649
1987,North,east cape,15,1,18766
1987,North,east coast bays,16,1,24276
1987,North,eastern hutt,17,1,21314
1987,North,eden,18,1,23419
1987,North,gisborne,20,1,21296
1987,North,glenfield,21,1,23076
1987,North,hamilton east,22,1,22367
1987,North,hamilton west,23,1,21773
1987,North,hastings,24,1,22544
1987,North,hawkes bay,25,1,21397
1987,North,heretaunga,26,1,21060
1987,North,hobson,27,1,19971
1987,North,horowhenua,28,1,23257
1987,North,island bay,30,1,22719
1987,North,kaimai,31,1,22460
1987,North,kaipara,32,1,21267
1987,North,kapiti,33,1,23914
1987,North,king country,34,1,20143
1987,North,manawatu,36,1,22237
1987,North,mangere,37,1,15326
1987,North,manurewa,38,1,19594
1987,North,maramarua,39,1,21034
1987,North,matamata,41,1,19929
1987,North,miramar,42,1,22983
1987,North,mount albert,43,1,21653
1987,North,napier,44,1,21571
1987,North,new lynn,46,1,21721
1987,North,new plymouth,47,1,23229
1987,North,north shore,48,1,24891
1987,North,ohariu,49,1,24507
1987,North,onehunga,50,1,22652
1987,North,otara,52,1,19145
1987,North,pahiatua,53,1,20669
1987,North,pakuranga,54,1,22866
1987,North,palmerston north,55,1,22681
1987,North,panmure,56,1,20229
1987,North,papakura,57,1,21261
1987,North,papatoetoe,58,1,21392
1987,North,pencarrow,59,1,21383
1987,North,porirua,60,1,19229
1987,North,raglan,61,1,20562
1987,North,rangitikei,63,1,20963
1987,North,remuera,64,1,22477
1987,North,roskill,65,1,22633
1987,North,rotorua,66,1,20449
1987,North,tamaki,71,1,23721
1987,North,taranaki,72,1,20930
1987,North,tarawera,73,1,19010
1987,North,tauranga,75,1,23961
1987,North,te atatu,76,1,22516
1987,North,titirangi,78,1,21261
1987,North,tongariro,79,1,18643
1987,North,waikaremoana,80,1,19257
1987,North,waikato,81,1,21400
1987,North,waipa,82,1,21596
1987,North,wairarapa,83,1,22401
1987,North,waitotara,85,1,20827
1987,North,wanganui,87,1,22925
1987,North,wellington central,88,1,23949
1987,North,west auckland,89,1,19858
1987,North,western hutt,91,1,22026
1987,North,whangarei,92,1,21928
1987,South,ashburton,2,1,21782
1987,South,avon,4,1,21968
1987,South,awarua,5,1,20860
1987,South,christchurch central,8,1,22043
1987,South,christchurch north,9,1,23520
1987,South,clutha,11,1,21873
1987,South,dunedin north,13,1,23116
1987,South,dunedin west,14,1,23426
1987,South,fendalton,19,1,23430
1987,South,invercargill,29,1,22925
1987,South,lyttelton,35,1,24948
1987,South,marlborough,40,1,22937
1987,South,nelson,45,1,23436
1987,South,otago,51,1,20563
1987,South,rangiora,62,1,23743
1987,South,selwyn,67,1,22160
1987,South,st albans,68,1,23773
1987,South,st kilda,69,1,23723
1987,South,sydenham,70,1,22709
1987,South,tasman,74,1,22648
1987,South,timaru,77,1,23580
1987,South,waitaki,84,1,22735
1987,South,wallace,86,1,21292
1987,South,west coast,90,1,21447
1987,South,yaldhurst,93,1,24001
1990,Maori,Eastern Maori,18,1,20906
1990,Maori,Northern Maori,50,1,19517
1990,Maori,Southern Maori,70,1,20785
1990,Maori,Western Maori,95,1,21811
1990,North,Albany,1,1,28257
1990,North,Auckland Central,3,1,21990
1990,North,Bay of Islands,6,1,19932
1990,North,Birkenhead,7,1,24033
1990,North,Clevedon,10,1,24419
1990,North,Coromandal,12,1,23876
1990,North,East Cape,15,1,19027
1990,North,East Coast Bays,16,1,25758
1990,North,Eastern Hutt,17,1,21749
1990,North,Eden,19,1,22919
1990,North,Gisborne,21,1,21234
1990,North,Glenfield,22,1,24114
1990,North,Hamilton East,23,1,23200
1990,North,Hamilton West,24,1,22025
1990,North,Hastings,25,1,23055
1990,North,Hawkes Bay,26,1,22372
1990,North,Heretaunga,27,1,21844
1990,North,Hobson,28,1,20620
1990,North,Horowhenua,29,1,24370
1990,North,Island Bay,31,1,22918
1990,North,Kaimia,32,1,25830
1990,North,Kaipara,33,1,22873
1990,North,Kapiti,34,1,26079
1990,North,King Country,35,1,20002
1990,North,Manawatu,37,1,23398
1990,North,Mangere,38,1,17631
1990,North,Manurewa,39,1,20857
1990,North,Maramarua,40,1,21754
1990,North,Matamata,42,1,20133
1990,North,Mirimar,43,1,23359
1990,North,Mt Albert,44,1,22143
1990,North,Napier,45,1,21585
1990,North,New Lynn,47,1,22628
1990,North,New Plymouth,48,1,23515
1990,North,North Shore,49,1,25422
1990,North,Ohariu,51,1,25557
1990,North,Onehunga,52,1,23138
1990,North,Otara,54,1,22495
1990,North,Pahiatua,55,1,20599
1990,North,Pakuranga,56,1,23843
1990,North,Palmerston North,57,1,23429
1990,North,Panmure,58,1,19859
1990,North,Papakura,59,1,22869
1990,North,Papatoetoe,60,1,21874
1990,North,Pencarrow,61,1,21700
1990,North,Porirua,62,1,19407
1990,North,Raglan,63,1,22689
1990,North,Rangitikei,65,1,21296
1990,North,Remuera,66,1,23487
1990,North,Roskill,67,1,23926
1990,North,Rotorua,68,1,20995
1990,North,Tamaki,74,1,24154
1990,North,Taranaki,75,1,21653
1990,North,Tarawera,76,1,19865
1990,North,Tauranga,78,1,25277
1990,North,Te Atatu,79,1,23526
1990,North,Titirangi,81,1,22521
1990,North,Tongariro,82,1,17711
1990,North,Waikaremoana,83,1,19637
1990,North,Waikato,84,1,21974
1990,North,Waipa,85,1,22412
1990,North,Wairarapa,86,1,23532
1990,North,Waitotara,88,1,21095
1990,North,Wanganui,90,1,23554
1990,North,Wellington Central,91,1,24714
1990,North,West Auckland,92,1,21952
1990,North,Western Hutt,94,1,23411
1990,North,Whangarei,96,1,22508
1990,South,Ashburton,2,1,22500
1990,South,Avon,4,1,22818
1990,South,Awarua,5,1,20862
1990,South,Christchurch Central,8,1,22163
1990,South,Christchurch North,9,1,24767
1990,South,Clutha,11,1,21741
1990,South,Dunedin North,13,1,24462
1990,South,Dunedin West,14,1,24097
1990,South,Fendalton,20,1,23737
1990,South,Invercargill,30,1,22989
1990,South,Lyttelton,36,1,26129
1990,South,Marlborough,41,1,24489
1990,South,Nelson,46,1,24554
1990,South,Otago,53,1,20971
1990,South,Rangiora,64,1,25264
1990,South,Selwyn,69,1,24416
1990,South,St Albans,71,1,24954
1990,South,St Kilda,72,1,24148
1990,South,Sydenham,73,1,23722
1990,South,Tasman,77,1,24052
1990,South,Timaru,80,1,23647
1990,South,Waitaki,87,1,23032
1990,South,Wallace,89,1,21026
1990,South,West Coast,93,1,21292
1990,South,Yaldhurst,97,1,25726
1993,Maori,Eastern Maori,14,1,23779
1993,Maori,Northern Maori,51,1,26041
1993,Maori,Southern Maori,72,1,25964
1993,Maori,Western Maori,97,1,25801
1993,North,Albany,1,1,25497
1993,North,Auckland Central,2,1,24414
1993,North,Birkenhead,5,1,24730
1993,North,East Coast Bays,11,1,25179
1993,North,Eastern Bay of Plenty,12,1,21314
1993,North,Eastern Hutt,13,1,21901
1993,North,Eden,15,1,24184
1993,North,Far North,16,1,21661
1993,North,Franklin,18,1,22392
1993,North,Gisborne,19,1,23029
1993,North,Glenfield,20,1,24771
1993,North,Hamilton East,21,1,24104
1993,North,Hamilton West,22,1,22742
1993,North,Hastings,23,1,23188
1993,North,Hauraki,24,1,22291
1993,North,Hawkes Bay,25,1,23165
1993,North,Henderson,26,1,19850
1993,North,Heretaunga,27,1,22477
1993,North,Hobson,28,1,22006
1993,North,Horowhenua,29,1,23267
1993,North,Howick,30,1,26286
1993,North,Island Bay,32,1,24417
1993,North,Kaimai,33,1,24059
1993,North,Kaipara,34,1,22544
1993,North,Kapiti,35,1,26745
1993,North,King Country,36,1,21288
1993,North,Manawatu,38,1,23553
1993,North,Mangere,39,1,18237
1993,North,Manurewa,40,1,21484
1993,North,Matakana,42,1,22666
1993,North,Matamata,43,1,22317
1993,North,Miramar,44,1,25972
1993,North,Mt Albert,45,1,23146
1993,North,Napier,46,1,23482
1993,North,New Lynn,48,1,21378
1993,North,New Plymouth,49,1,25085
1993,North,North Shore,50,1,25778
1993,North,Onehunga,52,1,23929
1993,North,Onslow,53,1,25126
1993,North,Otara,55,1,17411
1993,North,Pahiatua,56,1,21819
1993,North,Pakuranga,57,1,23838
1993,North,Palmerston North,58,1,23504
1993,North,Panmure,59,1,19289
1993,North,Papakura,60,1,21231
1993,North,Papatoetoe,61,1,22095
1993,North,Pencarrow,62,1,21693
1993,North,Porirua,63,1,19592
1993,North,Raglan,64,1,22318
1993,North,Rangitikei,67,1,22917
1993,North,Remuera,68,1,24636
1993,North,Roskill,69,1,22789
1993,North,Rotorua,70,1,21376
1993,North,Tamaki,76,1,24099
1993,North,Taranaki,77,1,21906
1993,North,Tarawera,78,1,22610
1993,North,Tauranga,80,1,27082
1993,North,Te Atatu,81,1,22588
1993,North,Titirangi,83,1,22157
1993,North,Tongariro,84,1,20311
1993,North,Waikaremoana,85,1,20937
1993,North,Waikato,86,1,21345
1993,North,Waipa,87,1,23479
1993,North,Wairarapa,88,1,24963
1993,North,Waitakere,89,1,23573
1993,North,Waitotara,91,1,23022
1993,North,Wanganui,93,1,23612
1993,North,Wellington-Karori,94,1,26786
1993,North,Western Hutt,96,1,23843
1993,North,Whangarei,98,1,23002
1993,South,Avon,3,1,23514
1993,South,Awarua,4,1,22180
1993,South,Christchurch Central,6,1,22502
1993,South,Christchurch North,7,1,25045
1993,South,Clutha,8,1,23512
1993,South,Dunedin North,9,1,24495
1993,South,Dunedin West,10,1,24508
1993,South,Fendalton,17,1,24122
1993,South,Invercargill,31,1,23033
1993,South,Lyttelton,37,1,26997
1993,South,Marlborough,41,1,25984
1993,South,Nelson,47,1,26486
1993,South,Otago,54,1,21927
1993,South,Rakaia,65,1,25341
1993,South,Rangiora,66,1,24085
1993,South,Selwyn,71,1,27162
1993,South,St Albans,73,1,25261
1993,South,St Kilda,74,1,24821
1993,South,Sydenham,75,1,25069
1993,South,Tasman,79,1,24962
1993,South,Timaru,82,1,24902
1993,South,Waitaki,90,1,23680
1993,South,Wallace,92,1,21977
1993,South,West Coast,95,1,22469
1993,South,Yaldhurst,99,1,26568
1996,Maori,Te Puku O Te Whenua,51,1,26193
1996,Maori,Te Tai Hauauru,52,1,29865
1996,Maori,Te Tai Rawhiti,53,1,28639
1996,Maori,Te Tai Tokerau,54,1,29625
1996,Maori,Te Tai Tonga,55,1,27607
1996,North,Albany,1,1,40846
1996,North,Auckland Central,3,1,38697
1996,North,Bay of Plenty,5,1,38512
1996,North,Coromandel,9,1,41377
1996,North,Epsom,12,1,41020
1996,North,Hamilton East,13,1,37550
1996,North,Hamilton West,14,1,38661
1996,North,Hunua,15,1,36135
1996,North,Hutt South,16,1,35605
1996,North,Karapiro,20,1,38102
1996,North,Mahia,21,1,32517
1996,North,Mana,22,1,31620
1996,North,Mangere,23,1,30219
1996,North,Manukau East,24,1,38973
1996,North,Manurewa,25,1,31484
1996,North,Maungakiekie,26,1,38309
1996,North,Napier,27,1,37146
1996,North,New Lynn,29,1,36295
1996,North,New Plymouth,30,1,38822
1996,North,North Shore,31,1,41193
1996,North,Northcote,32,1,38926
1996,North,Northland,33,1,34583
1996,North,Ohariu-Belmont,34,1,37135
1996,North,Otaki,36,1,39760
1996,North,Owairaka,37,1,38108
1996,North,Pakuranga,38,1,38882
1996,North,Palmerston North,39,1,38389
1996,North,Port Waikato,40,1,34194
1996,North,Rangitikei,42,1,37581
1996,North,Rimutaka,43,1,35581
1996,North,Rodney,44,1,44245
1996,North,Rongotai,45,1,40424
1996,North,Rotorua,46,1,34517
1996,North,Tamaki,47,1,36653
1996,North,Taranaki-King Country,48,1,32673
1996,North,Taupo,49,1,34637
1996,North,Tauranga,50,1,43735
1996,North,Tukituki,56,1,36582
1996,North,Waipareira,58,1,40139
1996,North,Wairarapa,59,1,36979
1996,North,Waitakere,60,1,37863
1996,North,Wellington Central,61,1,45130
1996,North,Whanganui,63,1,37169
1996,North,Whangarei,64,1,39019
1996,South,Aoraki,2,1,37625
1996,South,Banks Peninsula,4,1,42660
1996,South,Christchurch Central,6,1,36087
1996,South,Christchurch East,7,1,37091
1996,South,Clutha-Southland,8,1,37033
1996,South,Dunedin North,10,1,37732
1996,South,Dunedin South,11,1,39814
1996,South,Ilam,17,1,42098
1996,South,Invercargill,18,1,36482
1996,South,Kaikoura,19,1,38995
1996,South,Nelson,28,1,39890
1996,South,Otago,35,1,41202
1996,South,Rakaia,41,1,38998
1996,South,Waimakariri,57,1,39619
1996,South,West Coast-Tasman,62,1,35390
1996,South,Wigram,65,1,39955
1999,Maori,hauraki,16,1,26476
1999,Maori,ikaroa-rawhiti,19,1,26957
1999,Maori,te tai hauauru,54,1,24725
1999,Maori,te tai tokerau,55,1,27748
1999,Maori,te tai tonga,56,1,27584
1999,Maori,waiariki,59,1,25910
1999,North,albany,1,1,41815
1999,North,auckland central,3,1,39934
1999,North,bay of plenty,5,1,41630
1999,North,coromandel,9,1,40278
1999,North,east coast,12,1,33275
1999,North,epsom,13,1,40316
1999,North,hamilton east,14,1,39443
1999,North,hamilton west,15,1,39305
1999,North,hunua,17,1,38326
1999,North,hutt south,18,1,37576
1999,North,karapiro,23,1,38167
1999,North,mana,24,1,34968
1999,North,mangere,25,1,32851
1999,North,manukau east,26,1,40490
1999,North,manurewa,27,1,35815
1999,North,maungakiekie,28,1,36417
1999,North,mt albert,29,1,37264
1999,North,mt roskill,30,1,40122
1999,North,napier,31,1,38801
1999,North,new plymouth,33,1,38635
1999,North,north shore,34,1,41569
1999,North,northcote,35,1,38191
1999,North,northland,36,1,36748
1999,North,ohariu-belmont,37,1,41067
1999,North,otaki,39,1,41629
1999,North,pakuranga,40,1,39358
1999,North,palmerston north,41,1,38376
1999,North,port waikato,42,1,37490
1999,North,rangitikei,44,1,37381
1999,North,rimutaka,45,1,36913
1999,North,rodney,46,1,39579
1999,North,rongotai,47,1,38635
1999,North,rotorua,48,1,35457
1999,North,tamaki,49,1,39326
1999,North,taranaki-king country,50,1,34455
1999,North,taupo,51,1,34483
1999,North,tauranga,52,1,40079
1999,North,te atatu,53,1,36947
1999,North,titirangi,57,1,35696
1999,North,tukituki,58,1,38768
1999,North,wairarapa,61,1,38023
1999,North,waitakere,62,1,36916
1999,North,wellington central,63,1,41883
1999,North,whanganui,65,1,37123
1999,North,whangarei,66,1,39350
1999,South,aoraki,2,1,39665
1999,South,banks peninsula,4,1,42584
1999,South,christchurch central,6,1,40083
1999,South,christchurch east,7,1,38061
1999,South,clutha-southland,8,1,37167
1999,South,dunedin north,10,1,36885
1999,South,dunedin south,11,1,41686
1999,South,ilam,20,1,39472
1999,South,invercargill,21,1,37303
1999,South,kaikoura,22,1,38550
1999,South,nelson,32,1,41212
1999,South,otago,38,1,37096
1999,South,rakaia,43,1,38633
1999,South,waimakariri,60,1,43305
1999,South,west coast-tasman,64,1,36590
1999,South,wigram,67,1,40803
2002,Maori,ikaroa-rawhiti,19,1,26781
2002,Maori,tainui,50,1,27292
2002,Maori,tamaki makaurau,52,1,30781
2002,Maori,te tai hauauru,57,1,25566
2002,Maori,te tai tokerau,58,1,28231
2002,Maori,te tai tonga,59,1,27193
2002,Maori,waiariki,61,1,28270
2002,North,auckland central,2,1,40331
2002,North,bay of plenty,4,1,38972
2002,North,clevedon,7,1,41225
2002,North,coromandel,9,1,41608
2002,North,east coast,12,1,37573
2002,North,east coast bays,13,1,41368
2002,North,epsom,14,1,41519
2002,North,hamilton east,15,1,40939
2002,North,hamilton west,16,1,41079
2002,North,helensville,17,1,36949
2002,North,hutt south,18,1,38839
2002,North,mana,23,1,36903
2002,North,mangere,24,1,36240
2002,North,manukau east,25,1,39257
2002,North,manurewa,26,1,36642
2002,North,maungakiekie,27,1,36911
2002,North,mt albert,28,1,38305
2002,North,mt roskill,29,1,39263
2002,North,napier,30,1,41119
2002,North,new lynn,32,1,37568
2002,North,new plymouth,33,1,39633
2002,North,north shore,34,1,43484
2002,North,northcote,35,1,40492
2002,North,northland,36,1,36770
2002,North,ohariu-belmont,37,1,41222
2002,North,otaki,39,1,43506
2002,North,pakuranga,40,1,41889
2002,North,palmerston north,41,1,39671
2002,North,piako,42,1,40303
2002,North,port waikato,43,1,39460
2002,North,rangitikei,45,1,37783
2002,North,rimutaka,46,1,40329
2002,North,rodney,47,1,39974
2002,North,rongotai,48,1,41394
2002,North,rotorua,49,1,37401
2002,North,tamaki,51,1,42429
2002,North,taranaki-king country,53,1,37503
2002,North,taupo,54,1,36350
2002,North,tauranga,55,1,41214
2002,North,te atatu,56,1,36695
2002,North,tukituki,60,1,40851
2002,North,wairarapa,63,1,38429
2002,North,waitakere,64,1,35685
2002,North,wellington central,65,1,46258
2002,North,whanganui,67,1,40363
2002,North,whangarei,68,1,40573
2002,South,aoraki,1,1,39535
2002,South,banks peninsula,3,1,44612
2002,South,christchurch central,5,1,42753
2002,South,christchurch east,6,1,40937
2002,South,clutha-southland,8,1,37654
2002,South,dunedin north,10,1,38054
2002,South,dunedin south,11,1,41122
2002,South,ilam,20,1,43397
2002,South,invercargill,21,1,38876
2002,South,kaikoura,22,1,40124
2002,South,nelson,31,1,42628
2002,South,otago,38,1,40048
2002,South,rakaia,44,1,40633
2002,South,waimakariri,62,1,42318
2002,South,west coast-tasman,66,1,38270
2002,South,wigram,69,1,42684
2005,Maori,ikaroa-rawhiti,19,1,28164
2005,Maori,tainui,50,1,29669
2005,Maori,tamaki makaurau,52,1,32940
2005,Maori,te tai hauauru,57,1,27407
2005,Maori,te tai tokerau,58,1,29670
2005,Maori,te tai tonga,59,1,30203
2005,Maori,waiariki,61,1,29950
2005,North,auckland central,2,1,45159
2005,North,bay of plenty,4,1,44128
2005,North,clevedon,7,1,47198
2005,North,coromandel,9,1,43641
2005,North,east coast,12,1,38717
2005,North,east coast bays,13,1,46167
2005,North,epsom,14,1,44686
2005,North,hamilton east,15,1,45825
2005,North,hamilton west,16,1,42991
2005,North,helensville,17,1,42511
2005,North,hutt south,18,1,39626
2005,North,mana,23,1,39043
2005,North,mangere,24,1,40755
2005,North,manukau east,25,1,46077
2005,North,manurewa,26,1,41763
2005,North,maungakiekie,27,1,40192
2005,North,mt albert,28,1,40698
2005,North,mt roskill,29,1,42310
2005,North,napier,30,1,42825
2005,North,new lynn,32,1,40810
2005,North,new plymouth,33,1,41250
2005,North,north shore,34,1,45687
2005,North,northcote,35,1,43527
2005,North,northland,36,1,38574
2005,North,ohariu-belmont,37,1,43616
2005,North,otaki,39,1,46039
2005,North,pakuranga,40,1,44955
2005,North,palmerston north,41,1,39798
2005,North,piako,42,1,43014
2005,North,port waikato,43,1,44043
2005,North,rangitikei,45,1,38811
2005,North,rimutaka,46,1,41997
2005,North,rodney,47,1,44926
2005,North,rongotai,48,1,43391
2005,North,rotorua,49,1,38490
2005,North,tamaki,51,1,45211
2005,North,taranaki-king country,53,1,38839
2005,North,taupo,54,1,37043
2005,North,tauranga,55,1,44003
2005,North,te atatu,56,1,40062
2005,North,tukituki,60,1,43367
2005,North,wairarapa,63,1,39116
2005,North,waitakere,64,1,40419
2005,North,wellington central,65,1,48148
2005,North,whanganui,67,1,40699
2005,North,whangarei,68,1,43362
2005,South,aoraki,1,1,40922
2005,South,banks peninsula,3,1,47640
2005,South,christchurch central,5,1,43667
2005,South,christchurch east,6,1,43960
2005,South,clutha-southland,8,1,37567
2005,South,dunedin north,10,1,39418
2005,South,dunedin south,11,1,42500
2005,South,ilam,20,1,44279
2005,South,invercargill,21,1,39414
2005,South,kaikoura,22,1,42294
2005,South,nelson,31,1,44761
2005,South,otago,38,1,44124
2005,South,rakaia,44,1,44182
2005,South,waimakariri,62,1,48111
2005,South,west coast-tasman,66,1,39387
2005,South,wigram,69,1,43658
2008,Maori,hauraki-waikato,15,1,31948
2008,Maori,ikaroa-rawhiti,19,1,32820
2008,Maori,tamaki makaurau,51,1,35606
2008,Maori,te tai hauauru,56,1,32522
2008,Maori,te tai tokerau,57,1,33060
2008,Maori,te tai tonga,58,1,31771
2008,Maori,waiariki,60,1,31939
2008,North,auckland central,1,1,44317
2008,North,bay of plenty,2,1,44899
2008,North,botany,3,1,41969
2008,North,coromandel,7,1,45176
2008,North,east coast,10,1,40648
2008,North,east coast bays,11,1,44424
2008,North,epsom,12,1,47815
2008,North,hamilton east,13,1,42463
2008,North,hamilton west,14,1,43582
2008,North,helensville,16,1,45336
2008,North,hunua,17,1,42410
2008,North,hutt south,18,1,42588
2008,North,mana,23,1,42440
2008,North,mangere,24,1,36630
2008,North,manukau east,25,1,39631
2008,North,manurewa,26,1,36790
2008,North,maungakiekie,27,1,44986
2008,North,mt albert,28,1,44436
2008,North,mt roskill,29,1,44665
2008,North,napier,30,1,43605
2008,North,new lynn,32,1,44513
2008,North,new plymouth,33,1,44540
2008,North,north shore,34,1,47430
2008,North,northcote,35,1,44719
2008,North,northland,36,1,43178
2008,North,ohariu,37,1,45610
2008,North,otaki,38,1,46409
2008,North,pakuranga,39,1,44887
2008,North,palmerston north,40,1,43205
2008,North,papakura,41,1,41681
2008,North,rangitikei,44,1,41430
2008,North,rimutaka,45,1,43425
2008,North,rodney,46,1,45691
2008,North,rongotai,47,1,45913
2008,North,rotorua,48,1,42315
2008,North,tamaki,50,1,47330
2008,North,taranaki-king country,52,1,40591
2008,North,taupo,53,1,44837
2008,North,tauranga,54,1,46126
2008,North,te atatu,55,1,41670
2008,North,tukituki,59,1,43957
2008,North,waikato,61,1,40296
2008,North,wairarapa,63,1,45334
2008,North,waitakere,64,1,40370
2008,North,wellington central,66,1,48989
2008,North,whanganui,68,1,43737
2008,North,whangarei,69,1,45335
2008,South,christchurch central,4,1,42226
2008,South,christchurch east,5,1,42988
2008,South,clutha-southland,6,1,42394
2008,South,dunedin north,8,1,40789
2008,South,dunedin south,9,1,45067
2008,South,ilam,20,1,45418
2008,South,invercargill,21,1,44411
2008,South,kaikoura,22,1,43790
2008,South,nelson,31,1,44698
2008,South,port hills,42,1,44392
2008,South,rangitata,43,1,47194
2008,South,selwyn,49,1,43803
2008,South,waimakariri,62,1,45655
2008,South,waitaki,65,1,48051
2008,South,west coast-tasman,67,1,42743
2008,South,wigram,70,1,45146
2011,Maori,hauraki-waikato,15,1,33215
2011,Maori,Ikaroa-Rawhiti,19,1,32951
2011,Maori,Tamaki Makaurau,51,1,35347
2011,Maori,Te Tai Hauauru,56,1,32617
2011,Maori,te tai tokerau,57,1,33797
2011,Maori,te tai tonga,58,1,31933
2011,Maori,waiariki,60,1,33240
2011,North,auckland central,1,1,45649
2011,North,bay of plenty,2,1,47356
2011,North,botany,3,1,44105
2011,North,coromandel,7,1,45697
2011,North,east coast,10,1,40975
2011,North,east coast bays,11,1,47305
2011,North,epsom,12,1,48761
2011,North,hamilton east,13,1,45420
2011,North,hamilton west,14,1,44793
2011,North,helensville,16,1,47879
2011,North,hunua,17,1,47215
2011,North,hutt south,18,1,43215
2011,North,mana,23,1,44393
2011,North,Mangere,24,1,39534
2011,North,manukau east,25,1,41901
2011,North,manurewa,26,1,39461
2011,North,maungakiekie,27,1,46637
2011,North,mt albert,28,1,45208
2011,North,Mt Roskill,29,1,46332
2011,North,napier,30,1,44266
2011,North,new lynn,32,1,46139
2011,North,new plymouth,33,1,45354
2011,North,north shore,34,1,48963
2011,North,northcote,35,1,45675
2011,North,northland,36,1,44182
2011,North,Ohariu,37,1,46740
2011,North,Otaki,38,1,47483
2011,North,pakuranga,39,1,45912
2011,North,palmerston north,40,1,43524
2011,North,papakura,41,1,44164
2011,North,Rangitikei,44,1,41343
2011,North,rimutaka,45,1,44403
2011,North,rodney,46,1,49407
2011,North,rongotai,47,1,46153
2011,North,rotorua,48,1,42886
2011,North,Tamaki,50,1,49080
2011,North,taranaki-king country,52,1,41533
2011,North,Taupo,53,1,45800
2011,North,tauranga,54,1,48133
2011,North,Te Atatu,55,1,43746
2011,North,tukituki,59,1,44708
2011,North,waikato,61,1,42084
2011,North,wairarapa,63,1,46425
2011,North,waitakere,64,1,43143
2011,North,wellington central,66,1,48316
2011,North,whanganui,68,1,43673
2011,North,whangarei,69,1,46511
2011,South,christchurch central,4,1,39419
2011,South,christchurch east,5,1,39708
2011,South,clutha-southland,6,1,43395
2011,South,dunedin north,8,1,40356
2011,South,dunedin south,9,1,45818
2011,South,ilam,20,1,45258
2011,South,invercargill,21,1,45014
2011,South,Kaikoura,22,1,44958
2011,South,nelson,31,1,46817
2011,South,port hills,42,1,43511
2011,South,rangitata,43,1,48024
2011,South,selwyn,49,1,46937
2011,South,waimakariri,62,1,47387
2011,South,waitaki,65,1,49580
2011,South,west coast-tasman,67,1,44556
2011,South,wigram,70,1,45427
